Studio Name,Service type,Rating,Address,City,Contact Number,Website
DS PHOTO STUDIO, Photography studio,4.7," New Delhi, Delhi",New Delhi,,https://ds-photo-studio.business.site/
Photo Paradise, Photography studio,4.7," New Delhi, Delhi",New Delhi, 098992 00017,http://www.photoparadise.in/
LOHAR STUDIO, Advertising Photographer,4.9, Delhi,New Delhi, 093120 70458,https://www.loharstudio.com/
Bring It Online Media Pvt Ltd, Photography studio,4.9," New Delhi, Delhi",New Delhi, 070424 89884,https://www.bringitonline.in/fashion-photography.html
Cinemax Studio, Photography studio,4.7, Delhi,New Delhi, 099104 11555,
Deepak Digital Studio & Colour Lab, Photography studio,4," New Delhi, Delhi",New Delhi, 099995 79682,
Studio Photo Vision, Wedding photographer,4.7," New Delhi, Delhi",New Delhi, 098110 98155,http://www.studiophotovision.org/
Delhi Digital Photo Studio, Photo lab,4.1, Delhi,New Delhi, 098105 15631,
Creative Studio, Wedding photographer,4.7," New Delhi, Delhi",New Delhi, 099908 91489,http://tcsdwarka.in/
Luxmi Digital Studio, Photography studio,4.1, Delhi,New Delhi, 011 4700 8729,
Grand Photo Studio, Photography studio,4.4, Delhi,New Delhi,,http://www.grandphotostudio.in/
Studio Creative Art, Photography studio,4.9, Delhi,New Delhi, 092114 85430,https://studiocreativeart.business.site/
CliqWorld Studios - E-commerce / Product Photography services in Delhi, Photographer,4.5, Delhi,New Delhi, 087000 70708,http://www.cliqworldstudios.com/
KAPOOR STUDIO, Photography studio,4.7, Delhi,New Delhi, 093114 49887,
The Pics Studio, Photography studio,4.3, Delhi,New Delhi, 088264 78388,https://thepicsstudio.com/
J K Digital World & Studio, Photography studio,4.8, Delhi,New Delhi, 098732 31647,http://www.jkdigitalworld.com/
Pixellaza Photography Studio, Photography studio,4.8,,New Delhi, 099589 72792,http://pixellazapotographystudio.com/
Multi Digital World & Photo Studio, Photography studio,4.1, Delhi,New Delhi, 099530 72052,https://www.facebook.com/multiproductionhouse/
Gorillas Studios, Photography service,4.1," New Delhi, Delhi",New Delhi, 092666 92666,https://gorillas.co.in/
STUDIO SABI, Photographer,4.8," New Delhi, Delhi",New Delhi, 099999 08315,http://www.studiosabi.com/
,,,,New Delhi,,
,,,,New Delhi,,
Studio Ramsons & Colour Lab, Photo lab,4.4, Delhi,New Delhi, 011 4267 8122,
Poonam Digital Studio, Photography studio,4.2, Delhi,New Delhi, 085060 12136,
Wedding Photo Gurpreet | Wedding Photography | Pre wedding | Candid | Cinematic Video | Photo Studio | Photographer, Photographer,5," New Delhi, Delhi",New Delhi, 088026 12201,https://gurpreet-picture-art.business.site/?utm_source=gmb&utm_medium=referral
shakti studio, Photography studio,4.1, Delhi,New Delhi, 092102 21111,
Srishti Manchanda Photography, Photography studio,4.9,,New Delhi, 098189 95270,https://www.srishtimanchandaphotography.com/
RD7 studio, Photography studio,4.7, Delhi,New Delhi, 095605 53708,https://www.behance.net/rd7studio
Delhi Photography Studio, Photography studio,4.7," New Delhi, Delhi",New Delhi, 097110 58304,https://www.instagram.com/delhiphotographystudio/
Mpicspro, Photography service,4.7," New Delhi, Delhi",New Delhi,,http://www.mpicspro.com/
Studio Vision Photography, Wedding photographer,4.4," New Delhi, Delhi",New Delhi, 099108 30830,https://studiovisionphotography.com/
Imagesque pvt ltd, Photography service,4.8," New Delhi, Delhi",New Delhi, 099585 08252,https://www.imagesque.in/
Ã’l studio, Photography studio,5," New Delhi, Delhi",New Delhi,,
Damini Studio, Photography studio,4.3," New Delhi, Delhi",New Delhi,,https://feedammo.github.io/DaminiStudio/
Studio Photolius, Photographer,4.8," New Delhi, Delhi",New Delhi, 096549 11453,
Neel Kamal Photo Studio, Photography studio,4.5, Delhi,New Delhi, 092682 83359,https://new-neel-kamal-photo-studio.business.site/?utm_source=gmb&utm_medium=referral
GURUJI PHOTO STUDIO | Visa Photography | Visa Photographer | Photo Studio, Photography studio,4," New Delhi, Delhi",New Delhi, 097170 79500,
Delhi Photo Company, Photography studio,4.3," New Delhi, Delhi",New Delhi,,http://www.studiodpc.com/
Dewan Studio, Wedding photographer,4," New Delhi, Delhi",New Delhi, 098112 70472,
SIMRAN PHOTO STUDIO, Photography studio,5," New Delhi, Delhi",New Delhi, 090159 19943,
Bhanu Photography, Photography studio,4.6, Delhi,New Delhi, 099994 24974,
Crown Lens Photography Services, Photography studio,4.9, Delhi,New Delhi, 099687 27892,https://crownlensstudio.in/
Ankur Studio, Photography studio,4.3, Delhi,New Delhi, 098101 32285,
The Wedding Dreams Studio, Photography studio,4.9, Delhi,New Delhi, 099535 48841,http://www.instagram.com/theweddingdreamsstudio
Hocus Pocus Photography, Photographer,4.5," New Delhi, Delhi",New Delhi,,http://hocuspocus.in/
Deep Photo Studio, Photography studio,4, Delhi,New Delhi, 099909 34953,
Sneha Digital Studio, Photo lab,4.9, Delhi,New Delhi,,
Sant Digital Studio, Wedding photographer,4.1," New Delhi, Delhi",New Delhi, 098110 23419,
Sugar Cubes Advertising Agency, Photography studio,4.5," New Delhi, Delhi",New Delhi, 098990 89336,http://sugarcubes.co.in/
Rama Color, Photo lab,4," New Delhi, Delhi",New Delhi, 098100 47878,http://www.ramacolorbm.com/
Tyagi Studio, Wedding photographer,4.3," New Delhi, Delhi",New Delhi, 099118 87049,
R.K. STUDIO, Photo lab,3.9," New Delhi, Delhi",New Delhi, 098912 92173,
VG Studios, Photography studio,4.8," Noida, Uttar Pradesh",New Delhi, 099900 09004,http://vgstudios.in/
Minakshi Studio, Wedding photographer,4.1, Delhi,New Delhi, 082870 00008,http://minakshistudio.com/
Best Wedding Photography in delhi - Studio Vijay, Photography studio,4.2," New Delhi, Delhi",New Delhi, 098993 93357,
Laxmi Digital Studio & Colour Lab, Photo lab,4, Delhi,New Delhi, 011 2734 3197,
Tinu Films & Photo Studio, Photo lab,4," New Delhi, Delhi",New Delhi, 098112 50423,
Sant Digital Studio, Photographer,3.9, Delhi,New Delhi, 098113 65075,
Rohilla Digital Studio, Photography studio,4.9, Delhi,New Delhi, 092137 22196,
Supreme Photo Studio, Photography studio,3.9," New Delhi, Delhi",New Delhi, 098683 61661,
Sapna Studio, Photographer,3.7," New Delhi, Delhi",New Delhi, 098115 39741,
Picture Destination, Photography studio,4.3, Haryana,New Delhi, 098112 60804,http://www.picturedestination.com/
Fotosite Studio, Photography studio,3.7," New Delhi, Delhi",New Delhi, 092121 67175,https://fotositestudio.business.site/
Motion Pictures Photo Studio, Photography studio,4.8," Rohini, Delhi",New Delhi, 099531 32532,
Beard Production, Photography studio,4.8, Delhi,New Delhi, 098999 31313,http://www.beardproduction.com/
Studio City Photography, Photography studio,4.9,,New Delhi,,https://studio-city-photography.business.site/?utm_source=gmb&utm_medium=referral
TYAGI PHOTO STUDIO F-285, Photography studio,4.2," New Delhi, Delhi",New Delhi, 098999 16918,
Sanjay Photo Studio, Photographer,4.1," New Delhi, Delhi",New Delhi, 088003 62222,
Vedwal Digital Studio, Photo shop,4.9,,New Delhi, 098184 35399,
Him Studio, Wedding photographer,4.2," Rohini, Delhi",New Delhi, 098997 25033,http://business.google.com/website/him-studio
Photo Tatva, Photographer,4.8," New Delhi, Delhi",New Delhi, 075035 10646,
22nd century studio, Photography studio,5, Delhi,New Delhi, 088820 22217,
Indera Photo Studio, Photography studio,3.8," Nangloi, Delhi",New Delhi, 098913 51483,https://indera-photo-studio.business.site/?utm_source=gmb&utm_medium=referral
Snapture Studios- Wedding Photographer In Delhi, Wedding photographer,4.3," New Delhi, Delhi",New Delhi, 099716 40884,http://www.snapturestudios.com/
Darshan Digital Studio, Wedding photographer,4.1, Delhi,New Delhi, 098110 62650,
Studio Live Shot, Photography studio,4.3," New Delhi, Delhi",New Delhi, 098682 38033,
Click Studio Photography & Films | Best Wedding Photographer - Delhi NCR, Wedding photographer,5," New Delhi, Delhi",New Delhi, 096257 69186,
Magnum Mediaworks, Photography studio,3.6," New Delhi, Delhi",New Delhi,,
Johar Studio & Color Lab, Wedding photographer,3.6, Delhi,New Delhi, 011 2526 4825,
Rajesh kumar verma Photography | Best photographer in Delhi | Fhoto.co.in - YourTown Photographer, Photographer,5," New Delhi, Delhi",New Delhi, 098186 76973,https://fhoto.co.in/
King Digital Studio, Photographer,4.1, Delhi,New Delhi, 098913 50699,
Singhal Digital Color Lab And Studio, Photographer,4, Delhi,New Delhi, 093139 00117,
The Perfect Location, Photography studio,4.3," Faridabad, Haryana",New Delhi, 099116 32255,http://www.theperfectlocation.in/
SC Photography, Advertising Photographer,4.5, Delhi,New Delhi, 098181 76812,https://www.behance.net/kashishkaushik
Hardev Studio, Photography studio,4.2," Rohini, Delhi",New Delhi, 099901 42042,
Prem Studio Punjabi Bagh, Wedding photographer,3.4, Delhi,New Delhi, 099112 34540,http://www.studioprem.com/
Delhi Photography Studio, Photographer,5," New Delhi, Delhi",New Delhi, 099901 44668,http://www.photocreater.com/
Om Shree Photography, Wedding photographer,4.9, Delhi,New Delhi,,https://omshree-photo-studio.business.site/
Raddish Films - Wedding Photographer In Delhi, Photography studio,5,,New Delhi,,https://studioraddish.com/
Studio Portrait Palace, Photographer,4.1, Delhi,New Delhi,,
Studio N Photography | Wedding Photography | Candid Photography In Rohini, Wedding photographer,4.2, Delhi,New Delhi, 011 4224 0081,https://studionphotography.in/
Photogardi Studios | Film and Photography rental Studio, Photography service,4.6," New Delhi, Delhi",New Delhi,,https://www.instagram.com/photogardistudio/
SHARMA PHOTO VIDEO, Photography studio,3.6," New Delhi, Delhi",New Delhi, 098112 67120,
photo studio, Photo shop,3.8,,New Delhi,,
The Rewind Stories (TRS), Photography studio,5," New Delhi, Delhi",New Delhi,,
RK Photo Studio, Wedding photographer,4.6, Delhi,New Delhi, 092128 12625,https://sites.google.com/view/rk-photo-studio/home
Top Studio, Wedding photographer,4.4," New Delhi, Delhi",New Delhi, 098186 10861,https://www.topstudio.in/blog-detail/get-best-experience-of-candid-wedding-photography-in-delhi-with-top-studio
Grey Frames, Photographer,4.6," New Delhi, Delhi",New Delhi, 089296 54864,http://www.greyframes.com/
Studio Compho (Sahu Studio), Photography studio,3.7, Delhi,New Delhi, 070429 26912,
Fashion Photo Studio, Photography studio,5," New Delhi, Delhi",New Delhi, 097171 33876,
Pixelphotostudio-Photography Studio on Rent in Delhi, Photography studio,3.5," New Delhi, Delhi",New Delhi, 011 4940 5651,
Laxmi Photo Studio, Wedding photographer,3.6," West Delhi, Delhi",New Delhi, 098990 31629,
L.K.Digital Studio, Photography studio,4.7, Delhi,New Delhi, 084481 71262,
Pradeep Photo Studio, Photo lab,3.6, Delhi,New Delhi, 099996 14547,
Vicky Dev Photography - Wedding Photographer, Photography studio,5, Delhi,New Delhi, 088821 20530,
Modern Photo Studio, Photo shop,4.5,,New Delhi, 074286 68328,
Fotex Studio, Wedding photographer,4.4," New Delhi, Delhi",New Delhi, 098103 60577,http://www.fotexstudio.com/
N.L Studio, Photography studio,4.9, Delhi,New Delhi, 097181 41925,https://nl-studio-photography.business.site/?utm_source=gmb&utm_medium=referral
Classy Clicks Photography, Photographer,5," New Delhi, Delhi",New Delhi, 098110 09627,http://classyclicksphotography.com/
Vinit Digital Studio, Photography studio,4,,New Delhi,,
Studio Shri Hari, Photo lab,4," New Delhi, Delhi",New Delhi, 090131 67685,
Wedpic studio, Photography studio,4.8," New Delhi, Delhi",New Delhi, 095411 11821,
STUDIO NEW STYLE, Wedding photographer,4.9, Delhi,New Delhi, 092118 13220,
Param Movies & Digital Studio, Photography studio,5," New Delhi, Delhi",New Delhi, 098911 13645,
Ghai Digital Studio, Photography studio,5, Delhi,New Delhi, 092508 35836,
Trimurti Digital Studio, Photo shop,4.3,,New Delhi, 098104 46404,
mahour digital photo studio A complete wedding solutions, Photography studio,4.8," New Delhi, Delhi",New Delhi,,
Sapna Muskan Photography, Photography studio,4.2,,New Delhi,,
Studio Colors, Photography studio,4.1, Delhi,New Delhi, 098101 35008,
Zoom Studio Lab, Photographer,3.2, Delhi,New Delhi, 098112 43953,
Photographers near me, Photographer,4.6," New Delhi, Delhi",New Delhi,,
Jyoti Digital Studio, Photography studio,4.2, Delhi,New Delhi, 090133 94120,
"J.K. Studio - Photo Studios in Rohini, Best Photographers in Rohini Sector 8", Photography studio,3.8, Delhi,New Delhi, 099997 40785,
Satguru Photo Frame Centre, Photography studio,3.9, Delhi,New Delhi, 093509 75034,
Neha Studio, Photography service,3.9, Delhi,New Delhi, 070489 33464,
Dass Photo Studio, Photography studio,3.5," New Delhi, Delhi",New Delhi,,
Digital Photo Studio & Video, Photo lab,3.4," New Delhi, Delhi",New Delhi, 084474 08162,
The Picture Villa, Photography service,4.7, New Delhi,New Delhi, 098112 42594,http://www.thepicturevilla.com/
Studio Future Forward, Photography studio,4.4," Bandhwari, Haryana",New Delhi, 072900 93497,http://studiofutureforward.com/
B.K. Digital Photo Studio, Photography studio,3.5," New Delhi, Delhi",New Delhi, 099119 29433,
Naman Photography, Wedding photographer,4.9, Delhi,New Delhi, 078272 54318,https://www.namanphotography.in/
Foto Point Studio, Photography studio,3.2," New Delhi, Delhi",New Delhi, 098103 84299,
Vishal Photo Studio, Photography studio,3.5," New Delhi, Delhi",New Delhi, 097171 99369,
Mfresh Design Studio, Design agency,5, Delhi,New Delhi, 098183 82054,
Zoom Photo Studio, Photography studio,2.7," New Delhi, Delhi",New Delhi, 098112 43953,
New Sethi Studio, Wedding photographer,3.8," New Delhi, Delhi",New Delhi, 098111 07750,
kalkaji photo studio, Photography studio,3,,New Delhi, 093107 66306,
Kanchan Photo Studio, Photography studio,4, Delhi,New Delhi,,
Photo Rachna Studios, Photography studio,4.3, Haryana,New Delhi, 099998 01078,http://www.photorachna.com/
Blue Petal Studio, Photography studio,3.5,,New Delhi, 099990 09883,
Da' Momento Studio, Wedding photographer,3.3, Delhi,New Delhi, 099584 26865,
Shivam Photo Studio, Photography studio,3,,New Delhi,,
Payal Digital Photo Studio, Photography studio,4.5, Delhi,New Delhi, 092100 41504,
"Anand Studio , Shiva Market", Photography studio,4.8, Delhi,New Delhi,,
Pixs Photo Studio, Photo shop,3,,New Delhi, 098736 01889,
Mayank Digital Photo Studio, Photo shop,3.3,,New Delhi, 082874 19140,
MCW Studio - Photography, Wedding photographer,4," New Delhi, Delhi",New Delhi, 079775 70327,
Negative Studio, Photography studio,4.3," New Delhi, Delhi",New Delhi, 095990 59779,https://negative-studio.business.site/
Modeling Photo Shop, Tailor,3.4, Delhi,New Delhi, 098117 27053,
Seth's Studio, Photography studio,4.8,,New Delhi,,
Sharma Studio, Photo lab,4.7,,New Delhi, 092115 59113,
Mehak Digital Photo Studio, Photography studio,2.8," New Delhi, Delhi",New Delhi,,
Ab Photo Studio And Frames, Photography studio,4.5," New Delhi, Delhi",New Delhi, 098185 65073,
Lens Teasers Professional Photography Studio - Baby Shoot Photography & Maternity Photography Studio, Photography studio,4.8," Ghaziabad, Uttar Pradesh",New Delhi, 083683 44943,https://www.lensteasers.com/
CHANDRA PHOTO STUDIO, Photography studio,3," New Delhi, Delhi",New Delhi, 097166 47198,https://chandraphotostudio.business.site/
SHAGUN MOVIES STUDIO, Photography studio,5,,New Delhi,,
VEDWAL Photo Studio, Photo shop,4.7,,New Delhi, 098184 35399,
Max Digital Photo Studio & customized Photo Gifts, Photo shop,5,,New Delhi, 099907 10747,
D D H D Photo Studio, Photographer,5,,New Delhi, 084483 61619,
Jai Shri Ram Studio, Photography studio,4.7, Delhi,New Delhi, 092685 67107,
Vishal Giftica And Photo Framing, Picture frame shop,3.9,,New Delhi, 098105 91519,
SVS Creations, Photography studio,4.7," Gurugram, Haryana",New Delhi, 088829 53303,http://www.svscreations.com/
Meet Digital Studio, Photography studio,4.7,,New Delhi,,
Studio MINAKSHI, Photographer,3, Delhi,New Delhi, 092104 57578,https://www.youtube.com/channel/UCThBOIe6FAJRiLsFzjGNHxA
Photo Studios, Photography service,," New Delhi, Delhi",New Delhi,,
Amra Photo Studio, Photography studio,5,,New Delhi,,
parihar studio, Wedding photographer,4, Delhi,New Delhi, 099117 40695,
Sonphy Digital Studio, Photography studio,4.7,,New Delhi, 099585 68225,
Rajan Digital Photo Studio, Photographer,3,,New Delhi, 098118 88310,
PixelMania Photography Studios, Photography service,5," New Delhi, Delhi",New Delhi, 099209 66691,http://www.pixelmaniaphotography.com/
Studio Photo Center, Photographer,4," New Delhi, Delhi",New Delhi,,
Light n Frames Studio, Photographer,5," New Delhi, Delhi",New Delhi,,
Jyoti Studio, Photography studio,1,,New Delhi,,
Sunny Photo Studio, Photography studio,5,,New Delhi, 097179 06232,
Shivam Digital Studio, Photo shop,5,,New Delhi, 098990 16647,
AASHISH PHOTO STUDIO, Photographer,5, Delhi,New Delhi, 088104 43020,https://aashish-photo-studio.ueniweb.com/?utm_campaign=gmb
Shubham Digital Studio, Photography studio,5," New Delhi, Delhi",New Delhi, 093126 57775,
Personal Photo Studio, Photography studio,1, Delhi,New Delhi, 092100 30340,
Aakriti Photo Studio, Photographer,4, Delhi,New Delhi,,http://www.aakritiphotostudio.in/
Shobhit Photography, Photography studio,3.8,,New Delhi,,https://youtu.be/02iptjpzr78
Apparels Photography-Fashion & Look Book Photoshoot, Photographer,4.5," New Delhi, Delhi",New Delhi, 095996 93769,http://www.bringitonline.in/fashion-photography.html
Lovy Digital Photo Studio, Photographer,,,New Delhi, 088106 06362,
bunty digital studio, Photography studio,3,,New Delhi, 098997 88156,
YOUR PHOTO STUDIO, Photography studio,,,New Delhi,,
Shiv Shakti Photo Studio, Photography studio,,,New Delhi, 097179 02995,
Shivani Photo Studio, Photography studio,,,New Delhi,,
Gourav Photo Studio, Photography studio,,,New Delhi,,
Yash Digital Studio, Photographer,5, Delhi,New Delhi, 098995 60344,
Kalaa Photo Studio, Photography studio,, Delhi,New Delhi, 092507 26046,
Prem Studio, Photography studio,3.6,,New Delhi, 098115 09328,
Om Sai Ram Photography Studio, Photography studio,5,,New Delhi,,
Digital Photo Studio, Photographer,,,New Delhi, 095554 96021,
Sushil Digital Studios, Photography studio,,,New Delhi,,
Ayush Studio, Photography studio,,,New Delhi,,
R.S. Photo Studio, Photographer,,,New Delhi, 098912 47010,
Photo Studio, Photographer,,,New Delhi, 082874 32953,
Triloki Recording Studio Delhi, Photography studio,,,New Delhi,,
Vinayakstudio, Photography studio,,,New Delhi, 098113 83746,
Photo framing and photo editing studio, Photography studio,, Delhi,New Delhi, 095992 63257,
Pawan Sharma the Photographer, Wedding photographer,5," New Delhi, Delhi",New Delhi, 098105 02314,https://www.instagram.com/vsdigitalweddingphotography/
Keshav Photo Studio, Photographer,,,New Delhi, 078273 72727,
studio photo media, Photography studio,4,,,,
